{"alliance_id":99011223,"ceo_id":296459932,"creator_id":145577968,"date_founded":"2003-07-04T07:42:00Z","description":"u'<font size=\"14\" color=\"#bfffffff\"><\/font><font size=\"14\" color=\"#ffff0000\"><b>Exploration <\/font><font size=\"14\" color=\"#ffffff00\">-<\/font><font size=\"14\" color=\"#ffff0000\"> Growth <\/font><font size=\"14\" color=\"#ffffff00\">-<\/font><font size=\"14\" color=\"#ffff0000\"> Dominance<br><br><\/font><font size=\"14\" color=\"#ff000000\">-<\/font><font size=\"14\" color=\"#ffff0000\">=<\/font><font size=\"14\" color=\"#ffffff00\">We do not come from Kings , Kings come from us<\/font><font size=\"14\" color=\"#ffff0000\">=<\/font><font size=\"14\" color=\"#ff000000\">-<\/b><br><\/font><font size=\"14\" color=\"#ffff0000\"> <br>   \\uff0fl\\u3001<br>\\uff9e\\uff08\\uff9f\\uff64 \\uff61 \\uff17<br>\\u3000l\\u3001\\uff9e ~\\u30fd<br>\\u3000\\u3058\\u3057f_, )\\u30ce<br><br><\/font><font size=\"14\" color=\"#ffffe400\"><a href=\"https:\/\/docs.google.com\/forms\/d\/1b37Nm8HS-qHDM_8v_sdRWHYgBuQbon1Uz6UQ5g7KNlU\/viewform?edit_requested=true\">Imperium Technologies Capital Ship Order Form<\/a><\/font><font size=\"14\" color=\"#ffff0000\"> <br><br><\/font><font size=\"12\" color=\"#ffb2b2b2\">RECRUITMENT STATUS: <\/font><font size=\"12\" color=\"#ff00ff00\">Open<\/font><font size=\"12\" color=\"#ffb2b2b2\"> | <\/font><font size=\"12\" color=\"#ff6868e1\"><a href=\"joinChannel:player_-34354870\">IMPTECH-Recruit<\/a><\/font><font size=\"12\" color=\"#ffb2b2b2\"> <br>Public Channel: <\/font><font size=\"12\" color=\"#ff6868e1\"><a href=\"joinChannel:player_2100001537\">Imptech<\/a><\/font><font size=\"12\" color=\"#ffb2b2b2\"> <br>Founders: <\/font><font size=\"12\" color=\"#ffd98d00\"><a href=\"showinfo:1378\/\/145577968\">Avernus<\/a><\/font><font size=\"12\" color=\"#ffb2b2b2\">\/<\/font><font size=\"12\" color=\"#ffd98d00\"><loc><a href=\"showinfo:1378\/\/146706278\">Silinary<\/a><\/loc><br><\/font><font size=\"12\" color=\"#ffb2b2b2\">CEO: <\/font><font size=\"12\" color=\"#ffd98d00\"><loc><a href=\"showinfo:1376\/\/295569906\">Natron5150<\/a><\/loc><br><\/font><font size=\"12\" color=\"#ffb2b2b2\">Co-CEO: <\/font><font size=\"12\" color=\"#ffd98d00\"><loc><a href=\"showinfo:1379\/\/445492126\">Sasha D<\/a><\/loc><br><\/font><font size=\"12\" color=\"#ffb2b2b2\">Foreign Affairs: <\/font><font size=\"12\" color=\"#ffd98d00\"><a href=\"showinfo:1383\/\/646455090\">Lekgolos<\/a><\/font>'","home_station_id":60003178,"member_count":197,"name":"Imperium Technologies","shares":10000,"tax_rate":0.125,"ticker":"IT","url":"https:\/\/auth.imp-tech.space\/dashboard\/","war_eligible":true}